Model Pair,Grid ID,Config ID,Run ID,Context,Fog of War,Grid,Bucket,Sub-stratum,Pay4Partner,Contract Type,Total Turns,Format Errors,Non-Cooperative Baseline Player 0,Non-Cooperative Baseline Player 1,Total Score,Score Player 0,Score Player 1,Gini,Max Possible Score,Reached Goal Player 0,Reached Goal Player 1,Total Trades Proposed,Total Trades Accepted,Total Trades Rejected,Total P4P Promises Kept,Total P4P Promises Broken,amount_received_by_0_from_trades,amount_received_by_1_from_trades,contract_accepted,contract_negotiaion_length,num_tiles_in_contract,num_tiles_promised_to_receive_from_contract_0,num_tiles_promised_to_receive_from_contract_1,points_for_completion_promised_to_0,points_for_completion_promised_to_1,B Min Trades Path,B Max Trades Path,R Min Trades Path,R Max Trades Path,Trade Asymmetry
FOUR_1-FOUR_1,0,ctx1_fog00_p4pfalse_contract_none,20251112_153556_667190_fb87bc53,True,"[False, False]","[['G', 'R', 'B', 'R'], ['B', 'R', 'R', 'R'], ['B', 'B', 'B', 'R'], ['R', 'B', 'B', 'G']]",Independent (Both have optimal paths),Independent (Both have optimal paths),False,,6,0,65,65,130,60,70,0.03846153846153855,130,True,True,10,2,2,0,0,4,5,0,0,0.0,0,0,0,0,0,3,0,3,0
FOUR_1-FOUR_1,0,ctx1_fog00_p4pfalse_contract_strict,20251112_153556_667293_fb57520b,True,"[False, False]","[['G', 'R', 'B', 'R'], ['B', 'R', 'R', 'R'], ['B', 'B', 'B', 'R'], ['R', 'B', 'B', 'G']]",Independent (Both have optimal paths),Independent (Both have optimal paths),False,strict,6,0,65,65,130,50,80,0.11538461538461542,130,True,True,0,0,0,0,0,0,0,1,2,5.0,1,4,0,0,0,3,0,3,0
FOUR_1-FOUR_1,1,ctx1_fog00_p4pfalse_contract_none,20251112_153556_667410_444901a1,True,"[False, False]","[['G', 'B', 'B', 'B'], ['R', 'R', 'B', 'B'], ['R', 'R', 'R', 'B'], ['B', 'R', 'R', 'G']]",Independent (Both have optimal paths),Independent (Both have optimal paths),False,,6,0,65,65,130,65,65,0.0,130,True,True,4,1,1,0,0,6,6,0,0,0.0,0,0,0,0,0,3,0,3,0
FOUR_1-FOUR_1,1,ctx1_fog00_p4pfalse_contract_strict,20251112_153556_667512_8a40b093,True,"[False, False]","[['G', 'B', 'B', 'B'], ['R', 'R', 'B', 'B'], ['R', 'R', 'R', 'B'], ['B', 'R', 'R', 'G']]",Independent (Both have optimal paths),Independent (Both have optimal paths),False,strict,6,0,65,65,130,90,40,0.1923076923076923,130,True,True,0,0,0,0,0,0,0,1,2,6.0,5,1,0,0,0,3,0,3,0
FOUR_1-FOUR_1,2,ctx1_fog00_p4pfalse_contract_none,20251112_153556_667683_3354e04b,True,"[False, False]","[['G', 'R', 'R', 'B'], ['B', 'R', 'R', 'R'], ['B', 'R', 'B', 'R'], ['B', 'B', 'B', 'G']]",Independent (Both have optimal paths),Independent (Both have optimal paths),False,,6,0,65,65,130,65,65,0.0,130,True,True,4,1,1,0,0,3,3,0,0,0.0,0,0,0,0,0,3,0,3,0
FOUR_1-FOUR_1,2,ctx1_fog00_p4pfalse_contract_strict,20251112_153556_667902_dd8631c3,True,"[False, False]","[['G', 'R', 'R', 'B'], ['B', 'R', 'R', 'R'], ['B', 'R', 'B', 'R'], ['B', 'B', 'B', 'G']]",Independent (Both have optimal paths),Independent (Both have optimal paths),False,strict,6,0,65,65,130,60,70,0.03846153846153855,130,True,True,0,0,0,0,0,0,0,1,2,5.0,2,3,0,0,0,3,0,3,0
FOUR_1-FOUR_1,3,ctx1_fog00_p4pfalse_contract_none,20251112_153556_668294_14f96700,True,"[False, False]","[['G', 'B', 'R', 'R'], ['R', 'B', 'B', 'B'], ['R', 'R', 'B', 'B'], ['B', 'R', 'R', 'G']]",Independent (Both have optimal paths),Independent (Both have optimal paths),False,,6,0,65,65,130,65,65,0.0,130,True,True,4,2,0,0,0,6,6,0,0,0.0,0,0,0,0,0,3,0,3,0
FOUR_1-FOUR_1,3,ctx1_fog00_p4pfalse_contract_strict,20251112_153556_668378_a367cbbc,True,"[False, False]","[['G', 'B', 'R', 'R'], ['R', 'B', 'B', 'B'], ['R', 'R', 'B', 'B'], ['B', 'R', 'R', 'G']]",Independent (Both have optimal paths),Independent (Both have optimal paths),False,strict,6,0,65,65,130,75,55,0.07692307692307687,130,True,True,0,0,0,0,0,0,0,1,2,5.0,3,2,0,0,0,3,0,3,0
FOUR_1-FOUR_1,4,ctx1_fog00_p4pfalse_contract_none,20251112_153751_286718_a4ff9ec6,True,"[False, False]","[['G', 'B', 'B', 'B'], ['R', 'R', 'R', 'B'], ['R', 'R', 'R', 'B'], ['B', 'B', 'R', 'G']]",Independent (Both have optimal paths),Independent (Both have optimal paths),False,,6,0,65,65,130,65,65,0.0,130,True,True,4,1,1,0,0,7,7,0,0,0.0,0,0,0,0,0,3,0,3,0
FOUR_1-FOUR_1,4,ctx1_fog00_p4pfalse_contract_strict,20251112_153759_618757_c8cad7f3,True,"[False, False]","[['G', 'B', 'B', 'B'], ['R', 'R', 'R', 'B'], ['R', 'R', 'R', 'B'], ['B', 'B', 'R', 'G']]",Independent (Both have optimal paths),Independent (Both have optimal paths),False,strict,6,0,65,65,130,90,40,0.1923076923076923,130,True,True,0,0,0,0,0,0,0,1,2,5.0,5,0,0,0,0,3,0,3,0
FOUR_1-FOUR_1,5,ctx1_fog00_p4pfalse_contract_none,20251112_153803_932557_81edf8fa,True,"[False, False]","[['G', 'R', 'R', 'R'], ['B', 'B', 'B', 'R'], ['B', 'B', 'R', 'R'], ['R', 'B', 'B', 'G']]",Independent (Both have optimal paths),Independent (Both have optimal paths),False,,6,0,65,65,130,55,75,0.07692307692307687,130,True,True,8,3,0,0,0,5,7,0,0,0.0,0,0,0,0,0,3,0,3,0
FOUR_1-FOUR_1,5,ctx1_fog00_p4pfalse_contract_strict,20251112_153809_528485_9a70be95,True,"[False, False]","[['G', 'R', 'R', 'R'], ['B', 'B', 'B', 'R'], ['B', 'B', 'R', 'R'], ['R', 'B', 'B', 'G']]",Independent (Both have optimal paths),Independent (Both have optimal paths),False,strict,6,0,65,65,130,65,65,0.0,130,True,True,0,0,0,0,0,0,0,1,2,10.0,5,5,0,0,0,3,0,3,0
FOUR_1-FOUR_1,6,ctx1_fog00_p4pfalse_contract_none,20251112_153811_773346_4f499f75,True,"[False, False]","[['G', 'B', 'R', 'B'], ['R', 'B', 'B', 'B'], ['R', 'R', 'R', 'B'], ['B', 'R', 'R', 'G']]",Independent (Both have optimal paths),Independent (Both have optimal paths),False,,6,0,65,65,130,65,65,0.0,130,True,True,4,2,0,0,0,7,7,0,0,0.0,0,0,0,0,0,3,0,3,0
FOUR_1-FOUR_1,6,ctx1_fog00_p4pfalse_contract_strict,20251112_153814_845518_4c37a0ac,True,"[False, False]","[['G', 'B', 'R', 'B'], ['R', 'B', 'B', 'B'], ['R', 'R', 'R', 'B'], ['B', 'R', 'R', 'G']]",Independent (Both have optimal paths),Independent (Both have optimal paths),False,strict,6,0,65,65,130,80,50,0.11538461538461542,130,True,True,0,0,0,0,0,0,0,1,3,6.0,4,2,0,0,0,3,0,3,0
FOUR_1-FOUR_1,7,ctx1_fog00_p4pfalse_contract_none,20251112_153819_005108_4bc4ba4e,True,"[False, False]","[['G', 'B', 'B', 'B'], ['R', 'R', 'R', 'B'], ['B', 'R', 'R', 'B'], ['R', 'B', 'R', 'G']]",Independent (Both have optimal paths),Independent (Both have optimal paths),False,,6,0,65,65,130,65,65,0.0,130,True,True,4,1,1,0,0,4,4,0,0,0.0,0,0,0,0,0,3,0,3,0
FOUR_1-FOUR_1,7,ctx1_fog00_p4pfalse_contract_strict,20251112_153823_944157_d6a61451,True,"[False, False]","[['G', 'B', 'B', 'B'], ['R', 'R', 'R', 'B'], ['B', 'R', 'R', 'B'], ['R', 'B', 'R', 'G']]",Independent (Both have optimal paths),Independent (Both have optimal paths),False,strict,8,0,65,65,130,55,75,0.07692307692307687,130,True,True,4,1,1,0,0,1,3,1,3,3.0,1,2,0,0,0,3,0,3,0
FOUR_1-FOUR_1,8,ctx1_fog00_p4pfalse_contract_none,20251112_153935_640906_79cf61df,True,"[False, False]","[['G', 'B', 'B', 'R'], ['R', 'R', 'B', 'R'], ['B', 'R', 'B', 'B'], ['B', 'R', 'R', 'G']]",Independent (Both have optimal paths),Independent (Both have optimal paths),False,,8,0,65,65,65,0,65,0.5,130,False,True,14,1,4,0,0,2,2,0,0,0.0,0,0,0,0,0,3,0,3,0
FOUR_1-FOUR_1,8,ctx1_fog00_p4pfalse_contract_strict,20251112_154000_119847_4d74485a,True,"[False, False]","[['G', 'B', 'B', 'R'], ['R', 'R', 'B', 'R'], ['B', 'R', 'B', 'B'], ['B', 'R', 'R', 'G']]",Independent (Both have optimal paths),Independent (Both have optimal paths),False,strict,6,0,65,65,130,70,60,0.03846153846153855,130,True,True,0,0,0,0,0,0,0,1,2,5.0,3,2,0,0,0,3,0,3,0
FOUR_1-FOUR_1,9,ctx1_fog00_p4pfalse_contract_none,20251112_154006_289886_3f1682d4,True,"[False, False]","[['G', 'R', 'B', 'R'], ['B', 'R', 'R', 'R'], ['B', 'B', 'B', 'R'], ['B', 'R', 'B', 'G']]",Independent (Both have optimal paths),Independent (Both have optimal paths),False,,8,0,65,65,65,0,65,0.5,130,False,True,10,1,3,0,0,3,3,0,0,0.0,0,0,0,0,0,3,0,3,0
FOUR_1-FOUR_1,9,ctx1_fog00_p4pfalse_contract_strict,20251112_154022_694263_196d950d,True,"[False, False]","[['G', 'R', 'B', 'R'], ['B', 'R', 'R', 'R'], ['B', 'B', 'B', 'R'], ['B', 'R', 'B', 'G']]",Independent (Both have optimal paths),Independent (Both have optimal paths),False,strict,6,0,65,65,130,65,65,0.0,130,True,True,2,1,0,0,0,1,1,1,2,4.0,3,1,0,0,0,3,0,3,0
FOUR_1-FOUR_1,10,ctx1_fog00_p4pfalse_contract_none,20251112_154025_659606_7896c90f,True,"[False, False]","[['G', 'R', 'R', 'B'], ['B', 'R', 'R', 'B'], ['B', 'B', 'R', 'R'], ['R', 'B', 'B', 'G']]",Independent (Both have optimal paths),Independent (Both have optimal paths),False,,6,0,65,65,130,65,65,0.0,130,True,True,10,1,3,0,0,4,4,0,0,0.0,0,0,0,0,0,3,0,3,0
FOUR_1-FOUR_1,10,ctx1_fog00_p4pfalse_contract_strict,20251112_154034_133163_9aba4f02,True,"[False, False]","[['G', 'R', 'R', 'B'], ['B', 'R', 'R', 'B'], ['B', 'B', 'R', 'R'], ['R', 'B', 'B', 'G']]",Independent (Both have optimal paths),Independent (Both have optimal paths),False,strict,6,0,65,65,130,60,70,0.03846153846153855,130,True,True,0,0,0,0,0,0,0,1,2,5.0,2,3,0,0,0,3,0,3,0
FOUR_1-FOUR_1,11,ctx1_fog00_p4pfalse_contract_none,20251112_154039_467013_2274e367,True,"[False, False]","[['G', 'B', 'B', 'B'], ['R', 'R', 'R', 'B'], ['B', 'R', 'R', 'B'], ['B', 'R', 'R', 'G']]",Independent (Both have optimal paths),Independent (Both have optimal paths),False,,6,0,65,65,130,65,65,0.0,130,True,True,4,1,1,0,0,3,3,0,0,0.0,0,0,0,0,0,3,0,3,0
FOUR_1-FOUR_1,11,ctx1_fog00_p4pfalse_contract_strict,20251112_154159_866826_719208de,True,"[False, False]","[['G', 'B', 'B', 'B'], ['R', 'R', 'R', 'B'], ['B', 'R', 'R', 'B'], ['B', 'R', 'R', 'G']]",Independent (Both have optimal paths),Independent (Both have optimal paths),False,strict,6,0,65,65,130,90,40,0.1923076923076923,130,True,True,0,0,0,0,0,0,0,1,2,6.0,5,1,0,0,0,3,0,3,0
FOUR_1-FOUR_1,12,ctx1_fog00_p4pfalse_contract_none,20251112_154221_530687_85dd343a,True,"[False, False]","[['G', 'B', 'B', 'B'], ['R', 'B', 'R', 'B'], ['R', 'R', 'R', 'B'], ['R', 'B', 'R', 'G']]",Independent (Both have optimal paths),Independent (Both have optimal paths),False,,6,0,65,65,130,65,65,0.0,130,True,True,4,1,1,0,0,6,6,0,0,0.0,0,0,0,0,0,3,0,3,0
FOUR_1-FOUR_1,12,ctx1_fog00_p4pfalse_contract_strict,20251112_154222_080977_7a93a536,True,"[False, False]","[['G', 'B', 'B', 'B'], ['R', 'B', 'R', 'B'], ['R', 'R', 'R', 'B'], ['R', 'B', 'R', 'G']]",Independent (Both have optimal paths),Independent (Both have optimal paths),False,strict,6,0,65,65,130,75,55,0.07692307692307687,130,True,True,0,0,0,0,0,0,0,1,2,10.0,5,5,0,0,0,3,0,3,0
FOUR_1-FOUR_1,13,ctx1_fog00_p4pfalse_contract_none,20251112_154231_084278_882533e7,True,"[False, False]","[['G', 'R', 'R', 'R'], ['B', 'R', 'B', 'R'], ['B', 'R', 'B', 'R'], ['B', 'B', 'B', 'G']]",Independent (Both have optimal paths),Independent (Both have optimal paths),False,,7,0,65,65,130,65,65,0.0,130,True,True,12,1,5,0,0,2,2,0,0,0.0,0,0,0,0,0,3,0,3,0
FOUR_1-FOUR_1,13,ctx1_fog00_p4pfalse_contract_strict,20251112_154239_017575_d99c79e7,True,"[False, False]","[['G', 'R', 'R', 'R'], ['B', 'R', 'B', 'R'], ['B', 'R', 'B', 'R'], ['B', 'B', 'B', 'G']]",Independent (Both have optimal paths),Independent (Both have optimal paths),False,strict,6,0,65,65,130,65,65,0.0,130,True,True,0,0,0,0,0,0,0,1,2,10.0,5,5,0,0,0,3,0,3,0
FOUR_1-FOUR_1,14,ctx1_fog00_p4pfalse_contract_none,20251112_154258_412338_97287942,True,"[False, False]","[['G', 'B', 'B', 'B'], ['R', 'R', 'R', 'B'], ['B', 'B', 'R', 'B'], ['R', 'R', 'R', 'G']]",Independent (Both have optimal paths),Independent (Both have optimal paths),False,,8,0,65,65,120,55,65,0.04166666666666674,130,True,True,12,1,5,0,0,4,4,0,0,0.0,0,0,0,0,0,3,0,3,0
FOUR_1-FOUR_1,14,ctx1_fog00_p4pfalse_contract_strict,20251112_154300_655433_ae422385,True,"[False, False]","[['G', 'B', 'B', 'B'], ['R', 'R', 'R', 'B'], ['B', 'B', 'R', 'B'], ['R', 'R', 'R', 'G']]",Independent (Both have optimal paths),Independent (Both have optimal paths),False,strict,6,0,65,65,130,70,60,0.03846153846153855,130,True,True,0,0,0,0,0,0,0,1,2,9.0,5,4,0,0,0,3,0,3,0
FOUR_1-FOUR_1,15,ctx1_fog00_p4pfalse_contract_none,20251112_154328_645214_5b316267,True,"[False, False]","[['G', 'B', 'B', 'R'], ['R', 'R', 'B', 'B'], ['B', 'R', 'R', 'B'], ['B', 'R', 'R', 'G']]",Independent (Both have optimal paths),Independent (Both have optimal paths),False,,6,0,65,65,130,65,65,0.0,130,True,True,4,2,0,0,0,7,7,0,0,0.0,0,0,0,0,0,3,0,3,0
FOUR_1-FOUR_1,15,ctx1_fog00_p4pfalse_contract_strict,20251112_154438_976888_baa66b87,True,"[False, False]","[['G', 'B', 'B', 'R'], ['R', 'R', 'B', 'B'], ['B', 'R', 'R', 'B'], ['B', 'R', 'R', 'G']]",Independent (Both have optimal paths),Independent (Both have optimal paths),False,strict,6,0,65,65,130,65,65,0.0,130,True,True,6,1,1,0,0,4,4,0,0,0.0,0,0,0,0,0,3,0,3,0
FOUR_1-FOUR_1,16,ctx1_fog00_p4pfalse_contract_none,20251112_154446_655327_0d886d59,True,"[False, False]","[['G', 'B', 'B', 'B'], ['R', 'B', 'R', 'B'], ['R', 'B', 'R', 'B'], ['R', 'R', 'R', 'G']]",Independent (Both have optimal paths),Independent (Both have optimal paths),False,,6,0,65,65,130,65,65,0.0,130,True,True,10,1,4,0,0,4,4,0,0,0.0,0,0,0,0,0,3,0,3,0
FOUR_1-FOUR_1,16,ctx1_fog00_p4pfalse_contract_strict,20251112_154508_381072_0c4fcef1,True,"[False, False]","[['G', 'B', 'B', 'B'], ['R', 'B', 'R', 'B'], ['R', 'B', 'R', 'B'], ['R', 'R', 'R', 'G']]",Independent (Both have optimal paths),Independent (Both have optimal paths),False,strict,6,0,65,65,130,80,50,0.11538461538461542,130,True,True,0,0,0,0,0,0,0,1,2,10.0,5,5,0,0,0,3,0,3,0
FOUR_1-FOUR_1,17,ctx1_fog00_p4pfalse_contract_none,20251112_154516_960150_168f2831,True,"[False, False]","[['G', 'R', 'R', 'B'], ['B', 'R', 'R', 'B'], ['B', 'R', 'R', 'R'], ['B', 'B', 'B', 'G']]",Independent (Both have optimal paths),Independent (Both have optimal paths),False,,6,0,65,65,130,65,65,0.0,130,True,True,4,1,1,0,0,3,3,0,0,0.0,0,0,0,0,0,3,0,3,0
FOUR_1-FOUR_1,17,ctx1_fog00_p4pfalse_contract_strict,20251112_154531_288561_a3001cf5,True,"[False, False]","[['G', 'R', 'R', 'B'], ['B', 'R', 'R', 'B'], ['B', 'R', 'R', 'R'], ['B', 'B', 'B', 'G']]",Independent (Both have optimal paths),Independent (Both have optimal paths),False,strict,6,0,65,65,130,90,40,0.1923076923076923,130,True,True,0,0,0,0,0,0,0,1,2,5.0,5,0,0,0,0,3,0,3,0
FOUR_1-FOUR_1,18,ctx1_fog00_p4pfalse_contract_none,20251112_154531_813437_58f1296d,True,"[False, False]","[['G', 'B', 'B', 'B'], ['R', 'R', 'B', 'B'], ['R', 'B', 'R', 'B'], ['R', 'R', 'R', 'G']]",Independent (Both have optimal paths),Independent (Both have optimal paths),False,,8,0,65,65,65,0,65,0.5,130,False,True,10,2,2,0,0,4,4,0,0,0.0,0,0,0,0,0,3,0,3,0
FOUR_1-FOUR_1,18,ctx1_fog00_p4pfalse_contract_strict,20251112_154534_508189_248e2851,True,"[False, False]","[['G', 'B', 'B', 'B'], ['R', 'R', 'B', 'B'], ['R', 'B', 'R', 'B'], ['R', 'R', 'R', 'G']]",Independent (Both have optimal paths),Independent (Both have optimal paths),False,strict,6,0,65,65,130,90,40,0.1923076923076923,130,True,True,0,0,0,0,0,0,0,1,2,6.0,5,1,0,0,0,3,0,3,0
FOUR_1-FOUR_1,19,ctx1_fog00_p4pfalse_contract_none,20251112_154543_505039_fecf4772,True,"[False, False]","[['G', 'B', 'B', 'R'], ['R', 'R', 'B', 'B'], ['R', 'R', 'B', 'B'], ['B', 'R', 'R', 'G']]",Independent (Both have optimal paths),Independent (Both have optimal paths),False,,6,0,65,65,130,65,65,0.0,130,True,True,4,1,0,0,0,3,3,0,0,0.0,0,0,0,0,0,3,0,3,0
FOUR_1-FOUR_1,19,ctx1_fog00_p4pfalse_contract_strict,20251112_154654_518865_9393d442,True,"[False, False]","[['G', 'B', 'B', 'R'], ['R', 'R', 'B', 'B'], ['R', 'R', 'B', 'B'], ['B', 'R', 'R', 'G']]",Independent (Both have optimal paths),Independent (Both have optimal paths),False,strict,6,0,65,65,130,80,50,0.11538461538461542,130,True,True,0,0,0,0,0,0,0,1,2,5.0,4,1,0,0,0,3,0,3,0
FOUR_1-FOUR_1,20,ctx1_fog00_p4pfalse_contract_none,20251112_153636_727098_9ee84d0d,True,"[False, False]","[['G', 'R', 'R', 'B'], ['B', 'B', 'R', 'B'], ['B', 'B', 'B', 'R'], ['R', 'R', 'R', 'G']]",Mutual Dependency,"MD (1,1)",False,,6,0,0,0,130,65,65,0.0,130,True,True,4,1,1,0,0,4,4,0,0,0.0,0,0,0,0,1,3,1,3,0
FOUR_1-FOUR_1,20,ctx1_fog00_p4pfalse_contract_strict,20251112_153636_726905_68b01cfd,True,"[False, False]","[['G', 'R', 'R', 'B'], ['B', 'B', 'R', 'B'], ['B', 'B', 'B', 'R'], ['R', 'R', 'R', 'G']]",Mutual Dependency,"MD (1,1)",False,strict,6,0,0,0,130,60,70,0.03846153846153855,130,True,True,0,0,0,0,0,0,0,1,2,5.0,2,3,0,0,1,3,1,3,0
FOUR_1-FOUR_1,21,ctx1_fog00_p4pfalse_contract_none,20251112_153636_727045_0aa96ee8,True,"[False, False]","[['G', 'B', 'R', 'R'], ['B', 'R', 'B', 'R'], ['B', 'R', 'R', 'B'], ['B', 'B', 'R', 'G']]",Mutual Dependency,"MD (1,1)",False,,6,0,0,0,130,65,65,0.0,130,True,True,4,2,0,0,0,6,6,0,0,0.0,0,0,0,0,1,3,1,3,0
FOUR_1-FOUR_1,21,ctx1_fog00_p4pfalse_contract_strict,20251112_153636_727243_9035d5c7,True,"[False, False]","[['G', 'B', 'R', 'R'], ['B', 'R', 'B', 'R'], ['B', 'R', 'R', 'B'], ['B', 'B', 'R', 'G']]",Mutual Dependency,"MD (1,1)",False,strict,8,0,0,0,60,60,0,0.5,130,True,False,2,1,0,0,0,1,2,1,2,6.0,2,4,0,0,1,3,1,3,0
FOUR_1-FOUR_1,22,ctx1_fog00_p4pfalse_contract_none,20251112_153636_727431_2d0be716,True,"[False, False]","[['G', 'R', 'B', 'R'], ['B', 'R', 'B', 'B'], ['R', 'R', 'B', 'R'], ['R', 'B', 'B', 'G']]",Mutual Dependency,"MD (1,1)",False,,6,0,0,0,130,60,70,0.03846153846153855,130,True,True,4,2,0,0,0,5,6,0,0,0.0,0,0,0,0,1,3,1,3,0
FOUR_1-FOUR_1,22,ctx1_fog00_p4pfalse_contract_strict,20251112_153636_727702_4b6730b5,True,"[False, False]","[['G', 'R', 'B', 'R'], ['B', 'R', 'B', 'B'], ['R', 'R', 'B', 'R'], ['R', 'B', 'B', 'G']]",Mutual Dependency,"MD (1,1)",False,strict,6,0,0,0,130,60,70,0.03846153846153855,130,True,True,0,0,0,0,0,0,0,1,2,5.0,2,3,0,0,1,3,1,3,0
FOUR_1-FOUR_1,23,ctx1_fog00_p4pfalse_contract_none,20251112_153636_727991_fab5f06c,True,"[False, False]","[['G', 'R', 'R', 'R'], ['R', 'B', 'B', 'R'], ['R', 'B', 'B', 'B'], ['B', 'R', 'B', 'G']]",Mutual Dependency,"MD (1,1)",False,,6,0,0,0,130,65,65,0.0,130,True,True,4,2,0,0,0,6,6,0,0,0.0,0,0,0,0,1,3,1,3,0
FOUR_1-FOUR_1,23,ctx1_fog00_p4pfalse_contract_strict,20251112_153636_728365_d3b193da,True,"[False, False]","[['G', 'R', 'R', 'R'], ['R', 'B', 'B', 'R'], ['R', 'B', 'B', 'B'], ['B', 'R', 'B', 'G']]",Mutual Dependency,"MD (1,1)",False,strict,8,0,0,0,85,0,85,0.5,130,False,True,8,0,4,0,0,0,0,1,2,5.0,1,4,0,0,1,3,1,3,0
FOUR_1-FOUR_1,24,ctx1_fog00_p4pfalse_contract_none,20251112_153807_100777_22cf11dc,True,"[False, False]","[['G', 'R', 'R', 'B'], ['B', 'B', 'B', 'B'], ['R', 'B', 'R', 'R'], ['B', 'R', 'R', 'G']]",Mutual Dependency,"MD (1,1)",False,,6,0,0,0,130,65,65,0.0,130,True,True,4,1,1,0,0,4,4,0,0,0.0,0,0,0,0,1,3,1,3,0
FOUR_1-FOUR_1,24,ctx1_fog00_p4pfalse_contract_strict,20251112_153814_972713_bec40019,True,"[False, False]","[['G', 'R', 'R', 'B'], ['B', 'B', 'B', 'B'], ['R', 'B', 'R', 'R'], ['B', 'R', 'R', 'G']]",Mutual Dependency,"MD (1,1)",False,strict,6,0,0,0,130,65,65,0.0,130,True,True,0,0,0,0,0,0,0,1,2,5.0,2,3,0,0,1,3,1,3,0
FOUR_1-FOUR_1,25,ctx1_fog00_p4pfalse_contract_none,20251112_153832_953204_9c295a77,True,"[False, False]","[['G', 'R', 'B', 'B'], ['B', 'R', 'B', 'R'], ['B', 'B', 'R', 'B'], ['R', 'R', 'R', 'G']]",Mutual Dependency,"MD (1,1)",False,,6,0,0,0,130,65,65,0.0,130,True,True,4,1,1,0,0,4,4,0,0,0.0,0,0,0,0,1,3,1,3,0
FOUR_1-FOUR_1,25,ctx1_fog00_p4pfalse_contract_strict,20251112_153834_439891_89e1514f,True,"[False, False]","[['G', 'R', 'B', 'B'], ['B', 'R', 'B', 'R'], ['B', 'B', 'R', 'B'], ['R', 'R', 'R', 'G']]",Mutual Dependency,"MD (1,1)",False,strict,8,0,0,0,120,65,55,0.04166666666666674,130,True,True,0,0,0,0,0,0,0,1,2,6.0,3,3,0,0,1,3,1,3,0
FOUR_1-FOUR_1,26,ctx1_fog00_p4pfalse_contract_none,20251112_153834_705933_445825ac,True,"[False, False]","[['G', 'R', 'R', 'R'], ['R', 'R', 'B', 'R'], ['B', 'B', 'R', 'B'], ['B', 'B', 'B', 'G']]",Mutual Dependency,"MD (1,1)",False,,6,0,0,0,130,55,75,0.07692307692307687,130,True,True,4,2,0,0,0,4,6,0,0,0.0,0,0,0,0,1,3,1,3,0
FOUR_1-FOUR_1,26,ctx1_fog00_p4pfalse_contract_strict,20251112_153836_867445_1f1b6c4b,True,"[False, False]","[['G', 'R', 'R', 'R'], ['R', 'R', 'B', 'R'], ['B', 'B', 'R', 'B'], ['B', 'B', 'B', 'G']]",Mutual Dependency,"MD (1,1)",False,strict,8,0,0,0,55,55,0,0.5,130,True,False,0,0,0,0,0,0,0,1,2,6.0,2,4,0,0,1,3,1,3,0
FOUR_1-FOUR_1,27,ctx1_fog00_p4pfalse_contract_none,20251112_153916_058862_b27c124e,True,"[False, False]","[['G', 'B', 'R', 'B'], ['R', 'R', 'R', 'B'], ['R', 'B', 'B', 'R'], ['B', 'R', 'B', 'G']]",Mutual Dependency,"MD (1,1)",False,,6,0,0,0,130,65,65,0.0,130,True,True,6,1,2,0,0,4,4,0,0,0.0,0,0,0,0,1,3,1,3,0
FOUR_1-FOUR_1,27,ctx1_fog00_p4pfalse_contract_strict,20251112_153920_642040_cb4a5dd3,True,"[False, False]","[['G', 'B', 'R', 'B'], ['R', 'R', 'R', 'B'], ['R', 'B', 'B', 'R'], ['B', 'R', 'B', 'G']]",Mutual Dependency,"MD (1,1)",False,strict,6,0,0,0,130,70,60,0.03846153846153855,130,True,True,0,0,0,0,0,0,0,1,2,5.0,3,2,0,0,1,3,1,3,0
FOUR_1-FOUR_1,28,ctx1_fog00_p4pfalse_contract_none,20251112_153957_031485_265a757d,True,"[False, False]","[['G', 'R', 'B', 'B'], ['B', 'B', 'R', 'B'], ['R', 'R', 'R', 'R'], ['R', 'B', 'B', 'G']]",Mutual Dependency,"MD (1,1)",False,,6,0,0,0,130,60,70,0.03846153846153855,130,True,True,6,2,1,0,0,5,6,0,0,0.0,0,0,0,0,1,3,1,3,0
FOUR_1-FOUR_1,28,ctx1_fog00_p4pfalse_contract_strict,20251112_154021_231190_3397bf2c,True,"[False, False]","[['G', 'R', 'B', 'B'], ['B', 'B', 'R', 'B'], ['R', 'R', 'R', 'R'], ['R', 'B', 'B', 'G']]",Mutual Dependency,"MD (1,1)",False,strict,8,0,0,0,50,50,0,0.5,130,True,False,4,1,1,0,0,1,5,1,2,5.0,3,2,0,0,1,3,1,3,0
FOUR_1-FOUR_1,29,ctx1_fog00_p4pfalse_contract_none,20251112_154024_964231_995ad71b,True,"[False, False]","[['G', 'B', 'R', 'B'], ['R', 'R', 'R', 'R'], ['B', 'B', 'B', 'B'], ['R', 'B', 'R', 'G']]",Mutual Dependency,"MD (1,1)",False,,6,0,0,0,130,65,65,0.0,130,True,True,8,1,3,0,0,3,3,0,0,0.0,0,0,0,0,1,3,1,3,0
FOUR_1-FOUR_1,29,ctx1_fog00_p4pfalse_contract_strict,20251112_154047_816283_f23bf95a,True,"[False, False]","[['G', 'B', 'R', 'B'], ['R', 'R', 'R', 'R'], ['B', 'B', 'B', 'B'], ['R', 'B', 'R', 'G']]",Mutual Dependency,"MD (1,1)",False,strict,6,0,0,0,130,70,60,0.03846153846153855,130,True,True,0,0,0,0,0,0,0,1,2,5.0,3,2,0,0,1,3,1,3,0
FOUR_1-FOUR_1,40,ctx1_fog00_p4pfalse_contract_none,20251112_153654_820287_e9e85bba,True,"[False, False]","[['G', 'R', 'B', 'R'], ['B', 'R', 'B', 'B'], ['R', 'B', 'B', 'R'], ['R', 'R', 'B', 'G']]",Mutual Dependency,"MD (1,2)",False,,6,0,0,0,130,60,70,0.03846153846153855,130,True,True,6,2,1,0,0,4,5,0,0,0.0,0,0,0,0,1,3,2,3,1
FOUR_1-FOUR_1,40,ctx1_fog00_p4pfalse_contract_strict,20251112_153654_820429_69d7d9a7,True,"[False, False]","[['G', 'R', 'B', 'R'], ['B', 'R', 'B', 'B'], ['R', 'B', 'B', 'R'], ['R', 'R', 'B', 'G']]",Mutual Dependency,"MD (1,2)",False,strict,6,0,0,0,130,60,70,0.03846153846153855,130,True,True,0,0,0,0,0,0,0,1,2,5.0,2,3,0,0,1,3,2,3,1
FOUR_1-FOUR_1,41,ctx1_fog00_p4pfalse_contract_none,20251112_153654_820542_cf507133,True,"[False, False]","[['G', 'B', 'R', 'R'], ['B', 'B', 'R', 'R'], ['B', 'R', 'R', 'B'], ['R', 'B', 'B', 'G']]",Mutual Dependency,"MD (1,2)",False,,6,0,0,0,130,65,65,0.0,130,True,True,4,1,1,0,0,6,6,0,0,0.0,0,0,0,0,1,3,2,3,1
FOUR_1-FOUR_1,41,ctx1_fog00_p4pfalse_contract_strict,20251112_153654_821156_96011397,True,"[False, False]","[['G', 'B', 'R', 'R'], ['B', 'B', 'R', 'R'], ['B', 'R', 'R', 'B'], ['R', 'B', 'B', 'G']]",Mutual Dependency,"MD (1,2)",False,strict,6,0,0,0,130,70,60,0.03846153846153855,130,True,True,0,0,0,0,0,0,0,1,2,6.0,4,2,0,0,1,3,2,3,1
FOUR_1-FOUR_1,42,ctx1_fog00_p4pfalse_contract_none,20251112_153654_820712_b2efe600,True,"[False, False]","[['G', 'B', 'B', 'B'], ['B', 'R', 'R', 'R'], ['R', 'R', 'R', 'B'], ['B', 'R', 'B', 'G']]",Mutual Dependency,"MD (1,2)",False,,6,0,0,0,130,65,65,0.0,130,True,True,4,2,0,0,0,6,6,0,0,0.0,0,0,0,0,1,3,2,3,1
FOUR_1-FOUR_1,42,ctx1_fog00_p4pfalse_contract_strict,20251112_153654_820980_c6dbaa60,True,"[False, False]","[['G', 'B', 'B', 'B'], ['B', 'R', 'R', 'R'], ['R', 'R', 'R', 'B'], ['B', 'R', 'B', 'G']]",Mutual Dependency,"MD (1,2)",False,strict,6,0,0,0,130,60,70,0.03846153846153855,130,True,True,0,0,0,0,0,0,0,1,2,5.0,2,3,0,0,1,3,2,3,1
FOUR_1-FOUR_1,43,ctx1_fog00_p4pfalse_contract_none,20251112_153654_820929_3b4ce4f9,True,"[False, False]","[['G', 'B', 'B', 'R'], ['B', 'R', 'R', 'R'], ['B', 'R', 'B', 'B'], ['R', 'R', 'B', 'G']]",Mutual Dependency,"MD (1,2)",False,,6,0,0,0,130,65,65,0.0,130,True,True,4,2,0,0,0,6,6,0,0,0.0,0,0,0,0,1,3,2,3,1
FOUR_1-FOUR_1,43,ctx1_fog00_p4pfalse_contract_strict,20251112_153654_821498_390432ba,True,"[False, False]","[['G', 'B', 'B', 'R'], ['B', 'R', 'R', 'R'], ['B', 'R', 'B', 'B'], ['R', 'R', 'B', 'G']]",Mutual Dependency,"MD (1,2)",False,strict,6,0,0,0,130,70,60,0.03846153846153855,130,True,True,0,0,0,0,0,0,0,1,2,5.0,3,2,0,0,1,3,2,3,1
FOUR_1-FOUR_1,44,ctx1_fog00_p4pfalse_contract_none,20251112_153821_938377_1c780068,True,"[False, False]","[['G', 'R', 'B', 'R'], ['B', 'B', 'B', 'B'], ['R', 'B', 'R', 'R'], ['R', 'B', 'R', 'G']]",Mutual Dependency,"MD (1,2)",False,,6,0,0,0,130,65,65,0.0,130,True,True,4,2,0,0,0,7,7,0,0,0.0,0,0,0,0,1,3,2,3,1
FOUR_1-FOUR_1,44,ctx1_fog00_p4pfalse_contract_strict,20251112_153836_483613_066a34f7,True,"[False, False]","[['G', 'R', 'B', 'R'], ['B', 'B', 'B', 'B'], ['R', 'B', 'R', 'R'], ['R', 'B', 'R', 'G']]",Mutual Dependency,"MD (1,2)",False,strict,7,0,0,0,130,70,60,0.03846153846153855,130,True,True,6,1,1,0,0,1,1,1,2,2.0,1,1,0,0,1,3,2,3,1
FOUR_1-FOUR_1,45,ctx1_fog00_p4pfalse_contract_none,20251112_153842_631563_30831ce4,True,"[False, False]","[['G', 'R', 'R', 'B'], ['R', 'B', 'B', 'B'], ['B', 'R', 'B', 'R'], ['R', 'R', 'B', 'G']]",Mutual Dependency,"MD (1,2)",False,,6,0,0,0,130,65,65,0.0,130,True,True,6,1,2,0,0,4,4,0,0,0.0,0,0,0,0,1,3,2,3,1
FOUR_1-FOUR_1,45,ctx1_fog00_p4pfalse_contract_strict,20251112_153859_985188_ee6cb78d,True,"[False, False]","[['G', 'R', 'R', 'B'], ['R', 'B', 'B', 'B'], ['B', 'R', 'B', 'R'], ['R', 'R', 'B', 'G']]",Mutual Dependency,"MD (1,2)",False,strict,6,0,0,0,130,70,60,0.03846153846153855,130,True,True,0,0,0,0,0,0,0,1,2,5.0,2,3,0,0,1,3,2,3,1
FOUR_1-FOUR_1,46,ctx1_fog00_p4pfalse_contract_none,20251112_153910_013499_fdc22655,True,"[False, False]","[['G', 'B', 'R', 'B'], ['B', 'R', 'R', 'R'], ['B', 'R', 'B', 'B'], ['R', 'B', 'R', 'G']]",Mutual Dependency,"MD (1,2)",False,,6,0,0,0,130,65,65,0.0,130,True,True,6,1,2,0,0,3,3,0,0,0.0,0,0,0,0,1,3,2,3,1
FOUR_1-FOUR_1,46,ctx1_fog00_p4pfalse_contract_strict,20251112_153912_814233_0119c37c,True,"[False, False]","[['G', 'B', 'R', 'B'], ['B', 'R', 'R', 'R'], ['B', 'R', 'B', 'B'], ['R', 'B', 'R', 'G']]",Mutual Dependency,"MD (1,2)",False,strict,9,0,0,0,130,50,80,0.11538461538461542,130,True,True,2,1,0,0,0,1,2,1,2,5.0,2,3,0,0,1,3,2,3,1
FOUR_1-FOUR_1,47,ctx1_fog00_p4pfalse_contract_none,20251112_153918_566390_cf22af11,True,"[False, False]","[['G', 'R', 'B', 'R'], ['B', 'B', 'R', 'B'], ['R', 'R', 'B', 'B'], ['R', 'B', 'R', 'G']]",Mutual Dependency,"MD (1,2)",False,,6,0,0,0,130,65,65,0.0,130,True,True,4,1,0,0,0,4,4,0,0,0.0,0,0,0,0,1,3,2,3,1
FOUR_1-FOUR_1,47,ctx1_fog00_p4pfalse_contract_strict,20251112_153957_816516_cc3d7b71,True,"[False, False]","[['G', 'R', 'B', 'R'], ['B', 'B', 'R', 'B'], ['R', 'R', 'B', 'B'], ['R', 'B', 'R', 'G']]",Mutual Dependency,"MD (1,2)",False,strict,6,0,0,0,130,65,65,0.0,130,True,True,0,0,0,0,0,0,0,1,2,4.0,2,2,0,0,1,3,2,3,1
FOUR_1-FOUR_1,48,ctx1_fog00_p4pfalse_contract_none,20251112_154003_419255_52c21943,True,"[False, False]","[['G', 'B', 'R', 'R'], ['B', 'R', 'B', 'B'], ['B', 'B', 'B', 'R'], ['R', 'R', 'R', 'G']]",Mutual Dependency,"MD (1,2)",False,,6,0,0,0,130,65,65,0.0,130,True,True,2,1,0,0,0,5,5,0,0,0.0,0,0,0,0,1,3,2,3,1
FOUR_1-FOUR_1,48,ctx1_fog00_p4pfalse_contract_strict,20251112_154046_748414_787684e8,True,"[False, False]","[['G', 'B', 'R', 'R'], ['B', 'R', 'B', 'B'], ['B', 'B', 'B', 'R'], ['R', 'R', 'R', 'G']]",Mutual Dependency,"MD (1,2)",False,strict,6,0,0,0,130,70,60,0.03846153846153855,130,True,True,0,0,0,0,0,0,0,1,2,5.0,2,3,0,0,1,3,2,3,1
FOUR_1-FOUR_1,49,ctx1_fog00_p4pfalse_contract_none,20251112_154112_694872_341feca1,True,"[False, False]","[['G', 'B', 'B', 'R'], ['B', 'B', 'B', 'R'], ['R', 'B', 'R', 'R'], ['R', 'B', 'R', 'G']]",Mutual Dependency,"MD (1,2)",False,,6,0,0,0,130,60,70,0.03846153846153855,130,True,True,6,2,1,0,0,5,6,0,0,0.0,0,0,0,0,1,3,2,3,1
FOUR_1-FOUR_1,49,ctx1_fog00_p4pfalse_contract_strict,20251112_154122_413710_b87c941a,True,"[False, False]","[['G', 'B', 'B', 'R'], ['B', 'B', 'B', 'R'], ['R', 'B', 'R', 'R'], ['R', 'B', 'R', 'G']]",Mutual Dependency,"MD (1,2)",False,strict,6,0,0,0,130,65,65,0.0,130,True,True,0,0,0,0,0,0,0,1,2,5.0,2,3,0,0,1,3,2,3,1
FOUR_1-FOUR_1,90,ctx1_fog00_p4pfalse_contract_none,20251112_153708_795083_6d26c291,True,"[False, False]","[['G', 'R', 'B', 'R'], ['R', 'R', 'R', 'B'], ['R', 'R', 'B', 'B'], ['B', 'B', 'B', 'G']]",Mutual Dependency,"MD (2,2)",False,,6,0,0,0,130,60,70,0.03846153846153855,130,True,True,4,2,0,0,0,6,7,0,0,0.0,0,0,0,0,2,3,2,3,0
FOUR_1-FOUR_1,90,ctx1_fog00_p4pfalse_contract_strict,20251112_153708_795302_a155969e,True,"[False, False]","[['G', 'R', 'B', 'R'], ['R', 'R', 'R', 'B'], ['R', 'R', 'B', 'B'], ['B', 'B', 'B', 'G']]",Mutual Dependency,"MD (2,2)",False,strict,6,0,0,0,130,65,65,0.0,130,True,True,2,1,0,0,0,4,4,1,2,2.0,1,1,0,0,2,3,2,3,0
FOUR_1-FOUR_1,91,ctx1_fog00_p4pfalse_contract_none,20251112_153708_795414_67b6966f,True,"[False, False]","[['G', 'R', 'B', 'R'], ['R', 'B', 'R', 'B'], ['R', 'R', 'B', 'B'], ['R', 'B', 'B', 'G']]",Mutual Dependency,"MD (2,2)",False,,6,0,0,0,130,65,65,0.0,130,True,True,4,2,0,0,0,6,6,0,0,0.0,0,0,0,0,2,3,2,3,0
FOUR_1-FOUR_1,91,ctx1_fog00_p4pfalse_contract_strict,20251112_153708_795595_900731e5,True,"[False, False]","[['G', 'R', 'B', 'R'], ['R', 'B', 'R', 'B'], ['R', 'R', 'B', 'B'], ['R', 'B', 'B', 'G']]",Mutual Dependency,"MD (2,2)",False,strict,6,0,0,0,130,70,60,0.03846153846153855,130,True,True,0,0,0,0,0,0,0,1,2,5.0,3,2,0,0,2,3,2,3,0
FOUR_1-FOUR_1,92,ctx1_fog00_p4pfalse_contract_none,20251112_153708_795797_64828c1b,True,"[False, False]","[['G', 'B', 'B', 'R'], ['B', 'B', 'R', 'B'], ['B', 'R', 'B', 'R'], ['R', 'R', 'R', 'G']]",Mutual Dependency,"MD (2,2)",False,,6,0,0,0,130,65,65,0.0,130,True,True,4,1,1,0,0,4,4,0,0,0.0,0,0,0,0,2,3,2,3,0
FOUR_1-FOUR_1,92,ctx1_fog00_p4pfalse_contract_strict,20251112_153708_795911_aa203ada,True,"[False, False]","[['G', 'B', 'B', 'R'], ['B', 'B', 'R', 'B'], ['B', 'R', 'B', 'R'], ['R', 'R', 'R', 'G']]",Mutual Dependency,"MD (2,2)",False,strict,6,0,0,0,130,70,60,0.03846153846153855,130,True,True,0,0,0,0,0,0,0,1,2,5.0,3,2,0,0,2,3,2,3,0
FOUR_1-FOUR_1,93,ctx1_fog00_p4pfalse_contract_none,20251112_153708_796108_1a03f7cd,True,"[False, False]","[['G', 'R', 'R', 'B'], ['R', 'R', 'B', 'R'], ['R', 'B', 'B', 'B'], ['B', 'R', 'B', 'G']]",Mutual Dependency,"MD (2,2)",False,,6,0,0,0,130,65,65,0.0,130,True,True,4,1,1,0,0,4,4,0,0,0.0,0,0,0,0,2,3,2,3,0
FOUR_1-FOUR_1,93,ctx1_fog00_p4pfalse_contract_strict,20251112_153708_796381_dd90febe,True,"[False, False]","[['G', 'R', 'R', 'B'], ['R', 'R', 'B', 'R'], ['R', 'B', 'B', 'B'], ['B', 'R', 'B', 'G']]",Mutual Dependency,"MD (2,2)",False,strict,6,0,0,0,130,70,60,0.03846153846153855,130,True,True,0,0,0,0,0,0,0,1,2,5.0,3,2,0,0,2,3,2,3,0
FOUR_1-FOUR_1,94,ctx1_fog00_p4pfalse_contract_none,20251112_153859_670474_77e2d9f7,True,"[False, False]","[['G', 'B', 'B', 'R'], ['B', 'B', 'R', 'B'], ['R', 'B', 'R', 'R'], ['B', 'R', 'R', 'G']]",Mutual Dependency,"MD (2,2)",False,,6,0,0,0,130,65,65,0.0,130,True,True,6,1,2,0,0,4,4,0,0,0.0,0,0,0,0,2,3,2,3,0
FOUR_1-FOUR_1,94,ctx1_fog00_p4pfalse_contract_strict,20251112_153904_018786_fc7aa883,True,"[False, False]","[['G', 'B', 'B', 'R'], ['B', 'B', 'R', 'B'], ['R', 'B', 'R', 'R'], ['B', 'R', 'R', 'G']]",Mutual Dependency,"MD (2,2)",False,strict,6,0,0,0,130,60,70,0.03846153846153855,130,True,True,0,0,0,0,0,0,0,1,2,5.0,2,3,0,0,2,3,2,3,0
FOUR_1-FOUR_1,95,ctx1_fog00_p4pfalse_contract_none,20251112_153906_701637_58ab655c,True,"[False, False]","[['G', 'B', 'B', 'B'], ['B', 'B', 'R', 'R'], ['B', 'B', 'R', 'R'], ['R', 'R', 'R', 'G']]",Mutual Dependency,"MD (2,2)",False,,6,0,0,0,130,65,65,0.0,130,True,True,4,2,0,0,0,7,7,0,0,0.0,0,0,0,0,2,3,2,3,0
FOUR_1-FOUR_1,95,ctx1_fog00_p4pfalse_contract_strict,20251112_153906_860365_19cd922b,True,"[False, False]","[['G', 'B', 'B', 'B'], ['B', 'B', 'R', 'R'], ['B', 'B', 'R', 'R'], ['R', 'R', 'R', 'G']]",Mutual Dependency,"MD (2,2)",False,strict,6,0,0,0,130,70,60,0.03846153846153855,130,True,True,0,0,0,0,0,0,0,1,2,5.0,3,2,0,0,2,3,2,3,0
FOUR_1-FOUR_1,96,ctx1_fog00_p4pfalse_contract_none,20251112_153913_760334_72694312,True,"[False, False]","[['G', 'B', 'R', 'R'], ['B', 'R', 'B', 'B'], ['R', 'R', 'B', 'R'], ['B', 'B', 'R', 'G']]",Mutual Dependency,"MD (2,2)",False,,6,0,0,0,130,65,65,0.0,130,True,True,2,1,0,0,0,4,4,0,0,0.0,0,0,0,0,2,3,2,3,0
FOUR_1-FOUR_1,96,ctx1_fog00_p4pfalse_contract_strict,20251112_153921_966518_65521643,True,"[False, False]","[['G', 'B', 'R', 'R'], ['B', 'R', 'B', 'B'], ['R', 'R', 'B', 'R'], ['B', 'B', 'R', 'G']]",Mutual Dependency,"MD (2,2)",False,strict,5,0,0,0,0,0,0,0.0,130,False,False,0,0,0,0,0,0,0,1,2,4.0,2,2,0,0,2,3,2,3,0
FOUR_1-FOUR_1,97,ctx1_fog00_p4pfalse_contract_none,20251112_153926_630667_73e99e38,True,"[False, False]","[['G', 'R', 'B', 'B'], ['B', 'B', 'R', 'B'], ['R', 'R', 'B', 'R'], ['R', 'B', 'R', 'G']]",Mutual Dependency,"MD (2,2)",False,,6,0,0,0,130,60,70,0.03846153846153855,130,True,True,4,2,0,0,0,5,6,0,0,0.0,0,0,0,0,2,3,2,3,0
FOUR_1-FOUR_1,97,ctx1_fog00_p4pfalse_contract_strict,20251112_153926_649785_49e9c75c,True,"[False, False]","[['G', 'R', 'B', 'B'], ['B', 'B', 'R', 'B'], ['R', 'R', 'B', 'R'], ['R', 'B', 'R', 'G']]",Mutual Dependency,"MD (2,2)",False,strict,6,0,0,0,130,70,60,0.03846153846153855,130,True,True,0,0,0,0,0,0,0,1,2,5.0,3,2,0,0,2,3,2,3,0
FOUR_1-FOUR_1,98,ctx1_fog00_p4pfalse_contract_none,20251112_154047_662814_c0089b2b,True,"[False, False]","[['G', 'B', 'B', 'R'], ['B', 'B', 'R', 'R'], ['B', 'R', 'R', 'B'], ['B', 'R', 'R', 'G']]",Mutual Dependency,"MD (2,2)",False,,6,0,0,0,130,65,65,0.0,130,True,True,2,1,0,0,0,4,4,0,0,0.0,0,0,0,0,2,3,2,3,0
FOUR_1-FOUR_1,98,ctx1_fog00_p4pfalse_contract_strict,20251112_154056_177061_8a54c365,True,"[False, False]","[['G', 'B', 'B', 'R'], ['B', 'B', 'R', 'R'], ['B', 'R', 'R', 'B'], ['B', 'R', 'R', 'G']]",Mutual Dependency,"MD (2,2)",False,strict,6,0,0,0,130,60,70,0.03846153846153855,130,True,True,0,0,0,0,0,0,0,1,2,5.0,2,3,0,0,2,3,2,3,0
FOUR_1-FOUR_1,99,ctx1_fog00_p4pfalse_contract_none,20251112_154107_308046_d0ba9abb,True,"[False, False]","[['G', 'R', 'R', 'B'], ['R', 'B', 'R', 'B'], ['B', 'R', 'B', 'B'], ['R', 'R', 'B', 'G']]",Mutual Dependency,"MD (2,2)",False,,6,0,0,0,130,65,65,0.0,130,True,True,8,1,3,0,0,3,3,0,0,0.0,0,0,0,0,2,3,2,3,0
FOUR_1-FOUR_1,99,ctx1_fog00_p4pfalse_contract_strict,20251112_154115_165292_3cb4894a,True,"[False, False]","[['G', 'R', 'R', 'B'], ['R', 'B', 'R', 'B'], ['B', 'R', 'B', 'B'], ['R', 'R', 'B', 'G']]",Mutual Dependency,"MD (2,2)",False,strict,6,0,0,0,130,65,65,0.0,130,True,True,0,0,0,0,0,0,0,1,2,4.0,2,2,0,0,2,3,2,3,0
FOUR_1-FOUR_1,120,ctx1_fog00_p4pfalse_contract_none,20251112_153724_111227_be4af22a,True,"[False, False]","[['G', 'B', 'B', 'B'], ['R', 'B', 'B', 'B'], ['R', 'R', 'R', 'R'], ['R', 'B', 'R', 'G']]",Needy Player (Blue),NP-Blue (Need=1),False,,10,0,65,0,130,50,80,0.11538461538461542,130,True,True,10,2,3,0,0,5,8,0,0,0.0,0,0,0,0,1,3,0,3,1
FOUR_1-FOUR_1,120,ctx1_fog00_p4pfalse_contract_strict,20251112_153724_111330_cf9ef061,True,"[False, False]","[['G', 'B', 'B', 'B'], ['R', 'B', 'B', 'B'], ['R', 'R', 'R', 'R'], ['R', 'B', 'R', 'G']]",Needy Player (Blue),NP-Blue (Need=1),False,strict,6,0,65,0,130,80,50,0.11538461538461542,130,True,True,0,0,0,0,0,0,0,1,2,5.0,4,1,0,0,1,3,0,3,1
FOUR_1-FOUR_1,121,ctx1_fog00_p4pfalse_contract_none,20251112_153724_111439_179ed5ae,True,"[False, False]","[['G', 'R', 'B', 'B'], ['B', 'R', 'R', 'R'], ['B', 'B', 'R', 'B'], ['R', 'B', 'R', 'G']]",Needy Player (Blue),NP-Blue (Need=1),False,,6,0,65,0,130,65,65,0.0,130,True,True,4,1,1,0,0,4,4,0,0,0.0,0,0,0,0,1,3,0,3,1
FOUR_1-FOUR_1,121,ctx1_fog00_p4pfalse_contract_strict,20251112_153724_111782_9a73e09c,True,"[False, False]","[['G', 'R', 'B', 'B'], ['B', 'R', 'R', 'R'], ['B', 'B', 'R', 'B'], ['R', 'B', 'R', 'G']]",Needy Player (Blue),NP-Blue (Need=1),False,strict,6,0,65,0,130,70,60,0.03846153846153855,130,True,True,0,0,0,0,0,0,0,1,2,5.0,3,2,0,0,1,3,0,3,1
FOUR_1-FOUR_1,122,ctx1_fog00_p4pfalse_contract_none,20251112_153724_111903_17379245,True,"[False, False]","[['G', 'B', 'B', 'B'], ['R', 'B', 'B', 'B'], ['R', 'R', 'R', 'R'], ['B', 'R', 'R', 'G']]",Needy Player (Blue),NP-Blue (Need=1),False,,6,0,65,0,130,65,65,0.0,130,True,True,4,2,0,0,0,5,5,0,0,0.0,0,0,0,0,1,3,0,3,1
FOUR_1-FOUR_1,122,ctx1_fog00_p4pfalse_contract_strict,20251112_153724_112061_ca9922dc,True,"[False, False]","[['G', 'B', 'B', 'B'], ['R', 'B', 'B', 'B'], ['R', 'R', 'R', 'R'], ['B', 'R', 'R', 'G']]",Needy Player (Blue),NP-Blue (Need=1),False,strict,6,0,65,0,130,80,50,0.11538461538461542,130,True,True,0,0,0,0,0,0,0,1,2,5.0,4,1,0,0,1,3,0,3,1
FOUR_1-FOUR_1,123,ctx1_fog00_p4pfalse_contract_none,20251112_153724_112293_e3669497,True,"[False, False]","[['G', 'R', 'R', 'R'], ['B', 'B', 'B', 'R'], ['B', 'B', 'B', 'R'], ['B', 'R', 'R', 'G']]",Needy Player (Blue),NP-Blue (Need=1),False,,6,0,65,0,130,65,65,0.0,130,True,True,8,1,1,0,0,3,3,0,0,0.0,0,0,0,0,1,3,0,3,1
FOUR_1-FOUR_1,123,ctx1_fog00_p4pfalse_contract_strict,20251112_153724_112597_1da5a431,True,"[False, False]","[['G', 'R', 'R', 'R'], ['B', 'B', 'B', 'R'], ['B', 'B', 'B', 'R'], ['B', 'R', 'R', 'G']]",Needy Player (Blue),NP-Blue (Need=1),False,strict,6,0,65,0,130,70,60,0.03846153846153855,130,True,True,0,0,0,0,0,0,0,1,2,5.0,3,2,0,0,1,3,0,3,1
FOUR_1-FOUR_1,124,ctx1_fog00_p4pfalse_contract_none,20251112_153924_457240_1af18437,True,"[False, False]","[['G', 'R', 'B', 'B'], ['R', 'R', 'B', 'B'], ['R', 'R', 'R', 'R'], ['B', 'B', 'B', 'G']]",Needy Player (Blue),NP-Blue (Need=2),False,,7,0,65,0,130,65,65,0.0,130,True,True,4,1,1,0,0,6,6,0,0,0.0,0,0,0,0,2,3,0,3,2
FOUR_1-FOUR_1,124,ctx1_fog00_p4pfalse_contract_strict,20251112_153924_492944_fd9a5910,True,"[False, False]","[['G', 'R', 'B', 'B'], ['R', 'R', 'B', 'B'], ['R', 'R', 'R', 'R'], ['B', 'B', 'B', 'G']]",Needy Player (Blue),NP-Blue (Need=2),False,strict,6,0,65,0,130,70,60,0.03846153846153855,130,True,True,0,0,0,0,0,0,0,1,2,5.0,3,2,0,0,2,3,0,3,2
FOUR_1-FOUR_1,125,ctx1_fog00_p4pfalse_contract_none,20251112_153925_004747_73b94218,True,"[False, False]","[['G', 'R', 'B', 'B'], ['R', 'B', 'B', 'B'], ['R', 'R', 'R', 'R'], ['B', 'B', 'R', 'G']]",Needy Player (Blue),NP-Blue (Need=2),False,,6,0,65,0,130,65,65,0.0,130,True,True,4,1,1,0,0,3,3,0,0,0.0,0,0,0,0,2,3,0,3,2
FOUR_1-FOUR_1,125,ctx1_fog00_p4pfalse_contract_strict,20251112_153926_494374_f5aae739,True,"[False, False]","[['G', 'R', 'B', 'B'], ['R', 'B', 'B', 'B'], ['R', 'R', 'R', 'R'], ['B', 'B', 'R', 'G']]",Needy Player (Blue),NP-Blue (Need=2),False,strict,6,0,65,0,130,70,60,0.03846153846153855,130,True,True,0,0,0,0,0,0,0,1,2,5.0,3,2,0,0,2,3,0,3,2
FOUR_1-FOUR_1,126,ctx1_fog00_p4pfalse_contract_none,20251112_153933_025711_175005b4,True,"[False, False]","[['G', 'R', 'B', 'B'], ['B', 'R', 'R', 'B'], ['B', 'B', 'R', 'R'], ['B', 'R', 'R', 'G']]",Needy Player (Blue),NP-Blue (Need=2),False,,6,0,65,0,130,65,65,0.0,130,True,True,4,2,0,0,0,5,5,0,0,0.0,0,0,0,0,2,3,0,3,2
FOUR_1-FOUR_1,126,ctx1_fog00_p4pfalse_contract_strict,20251112_153947_843651_12d22e0e,True,"[False, False]","[['G', 'R', 'B', 'B'], ['B', 'R', 'R', 'B'], ['B', 'B', 'R', 'R'], ['B', 'R', 'R', 'G']]",Needy Player (Blue),NP-Blue (Need=2),False,strict,6,0,65,0,130,70,60,0.03846153846153855,130,True,True,0,0,0,0,0,0,0,1,2,5.0,3,2,0,0,2,3,0,3,2
FOUR_1-FOUR_1,127,ctx1_fog00_p4pfalse_contract_none,20251112_153949_714376_9f212ab8,True,"[False, False]","[['G', 'R', 'R', 'B'], ['R', 'B', 'R', 'B'], ['B', 'B', 'R', 'R'], ['B', 'R', 'B', 'G']]",Needy Player (Blue),NP-Blue (Need=2),False,,6,0,65,0,130,65,65,0.0,130,True,True,4,1,1,0,0,4,4,0,0,0.0,0,0,0,0,2,3,0,3,2
FOUR_1-FOUR_1,127,ctx1_fog00_p4pfalse_contract_strict,20251112_154038_426560_33788794,True,"[False, False]","[['G', 'R', 'R', 'B'], ['R', 'B', 'R', 'B'], ['B', 'B', 'R', 'R'], ['B', 'R', 'B', 'G']]",Needy Player (Blue),NP-Blue (Need=2),False,strict,7,0,65,0,130,55,75,0.07692307692307687,130,True,True,4,2,0,0,0,2,4,1,2,2.0,1,1,0,0,2,3,0,3,2
FOUR_1-FOUR_1,128,ctx1_fog00_p4pfalse_contract_none,20251112_154057_376788_a92d12a9,True,"[False, False]","[['G', 'B', 'R', 'B'], ['R', 'R', 'B', 'R'], ['B', 'R', 'R', 'B'], ['B', 'B', 'R', 'G']]",Needy Player (Blue),NP-Blue (Need=2),False,,6,0,65,0,130,65,65,0.0,130,True,True,6,1,2,0,0,3,3,0,0,0.0,0,0,0,0,2,3,0,3,2
FOUR_1-FOUR_1,128,ctx1_fog00_p4pfalse_contract_strict,20251112_154123_630083_3f6c0f66,True,"[False, False]","[['G', 'B', 'R', 'B'], ['R', 'R', 'B', 'R'], ['B', 'R', 'R', 'B'], ['B', 'B', 'R', 'G']]",Needy Player (Blue),NP-Blue (Need=2),False,strict,10,0,65,0,70,0,70,0.5,130,False,True,2,0,1,0,0,0,0,1,2,7.0,3,4,0,0,2,3,0,3,2
FOUR_1-FOUR_1,129,ctx1_fog00_p4pfalse_contract_none,20251112_154125_713645_caa9e7bd,True,"[False, False]","[['G', 'B', 'B', 'R'], ['R', 'R', 'R', 'B'], ['B', 'B', 'R', 'R'], ['B', 'B', 'R', 'G']]",Needy Player (Blue),NP-Blue (Need=2),False,,6,0,65,0,130,65,65,0.0,130,True,True,8,1,3,0,0,3,3,0,0,0.0,0,0,0,0,2,3,0,3,2
FOUR_1-FOUR_1,129,ctx1_fog00_p4pfalse_contract_strict,20251112_154131_729232_ff47aef0,True,"[False, False]","[['G', 'B', 'B', 'R'], ['R', 'R', 'R', 'B'], ['B', 'B', 'R', 'R'], ['B', 'B', 'R', 'G']]",Needy Player (Blue),NP-Blue (Need=2),False,strict,8,0,65,0,75,75,0,0.5,130,True,False,0,0,0,0,0,0,0,1,2,6.0,4,2,0,0,2,3,0,3,2
FOUR_1-FOUR_1,130,ctx1_fog00_p4pfalse_contract_none,20251112_154131_923966_31776562,True,"[False, False]","[['G', 'R', 'B', 'B'], ['B', 'R', 'B', 'B'], ['R', 'R', 'B', 'R'], ['B', 'R', 'R', 'G']]",Needy Player (Blue),NP-Blue (Need=2),False,,6,0,65,0,130,65,65,0.0,130,True,True,10,2,3,0,0,5,5,0,0,0.0,0,0,0,0,2,3,0,3,2
FOUR_1-FOUR_1,130,ctx1_fog00_p4pfalse_contract_strict,20251112_154154_308754_c2f907f4,True,"[False, False]","[['G', 'R', 'B', 'B'], ['B', 'R', 'B', 'B'], ['R', 'R', 'B', 'R'], ['B', 'R', 'R', 'G']]",Needy Player (Blue),NP-Blue (Need=2),False,strict,6,0,65,0,130,60,70,0.03846153846153855,130,True,True,0,0,0,0,0,0,0,1,2,5.0,2,3,0,0,2,3,0,3,2
FOUR_1-FOUR_1,131,ctx1_fog00_p4pfalse_contract_none,20251112_154155_034738_67196cc1,True,"[False, False]","[['G', 'R', 'R', 'B'], ['R', 'B', 'R', 'R'], ['B', 'B', 'R', 'B'], ['B', 'B', 'R', 'G']]",Needy Player (Blue),NP-Blue (Need=2),False,,6,0,65,0,130,65,65,0.0,130,True,True,4,2,0,0,0,5,5,0,0,0.0,0,0,0,0,2,3,0,3,2
FOUR_1-FOUR_1,131,ctx1_fog00_p4pfalse_contract_strict,20251112_154249_033373_58bb6ebd,True,"[False, False]","[['G', 'R', 'R', 'B'], ['R', 'B', 'R', 'R'], ['B', 'B', 'R', 'B'], ['B', 'B', 'R', 'G']]",Needy Player (Blue),NP-Blue (Need=2),False,strict,6,0,65,0,130,60,70,0.03846153846153855,130,True,True,0,0,0,0,0,0,0,1,1,5.0,2,3,0,0,2,3,0,3,2
FOUR_1-FOUR_1,132,ctx1_fog00_p4pfalse_contract_none,20251112_154327_471863_62b88024,True,"[False, False]","[['G', 'B', 'R', 'B'], ['R', 'R', 'R', 'B'], ['B', 'B', 'R', 'R'], ['B', 'R', 'B', 'G']]",Needy Player (Blue),NP-Blue (Need=2),False,,6,0,65,0,130,55,75,0.07692307692307687,130,True,True,6,2,1,0,0,4,6,0,0,0.0,0,0,0,0,2,3,0,3,2
FOUR_1-FOUR_1,132,ctx1_fog00_p4pfalse_contract_strict,20251112_154332_999989_e154ecec,True,"[False, False]","[['G', 'B', 'R', 'B'], ['R', 'R', 'R', 'B'], ['B', 'B', 'R', 'R'], ['B', 'R', 'B', 'G']]",Needy Player (Blue),NP-Blue (Need=2),False,strict,6,0,65,0,130,55,75,0.07692307692307687,130,True,True,0,0,0,0,0,0,0,1,2,5.0,2,3,0,0,2,3,0,3,2
FOUR_1-FOUR_1,133,ctx1_fog00_p4pfalse_contract_none,20251112_154347_398858_91bb115e,True,"[False, False]","[['G', 'B', 'B', 'B'], ['R', 'R', 'R', 'R'], ['B', 'B', 'R', 'R'], ['B', 'R', 'B', 'G']]",Needy Player (Blue),NP-Blue (Need=2),False,,6,0,65,0,130,65,65,0.0,130,True,True,10,1,4,0,0,3,3,0,0,0.0,0,0,0,0,2,3,0,3,2
FOUR_1-FOUR_1,133,ctx1_fog00_p4pfalse_contract_strict,20251112_154355_674488_092485ba,True,"[False, False]","[['G', 'B', 'B', 'B'], ['R', 'R', 'R', 'R'], ['B', 'B', 'R', 'R'], ['B', 'R', 'B', 'G']]",Needy Player (Blue),NP-Blue (Need=2),False,strict,6,0,65,0,130,70,60,0.03846153846153855,130,True,True,0,0,0,0,0,0,0,1,2,5.0,3,2,0,0,2,3,0,3,2
FOUR_1-FOUR_1,134,ctx1_fog00_p4pfalse_contract_none,20251112_154356_065390_58a344df,True,"[False, False]","[['G', 'R', 'B', 'R'], ['B', 'R', 'R', 'B'], ['R', 'B', 'R', 'B'], ['B', 'B', 'R', 'G']]",Needy Player (Blue),NP-Blue (Need=2),False,,6,0,65,0,130,65,65,0.0,130,True,True,2,1,0,0,0,3,3,0,0,0.0,0,0,0,0,2,3,0,3,2
FOUR_1-FOUR_1,134,ctx1_fog00_p4pfalse_contract_strict,20251112_154357_515343_dae9d7f9,True,"[False, False]","[['G', 'R', 'B', 'R'], ['B', 'R', 'R', 'B'], ['R', 'B', 'R', 'B'], ['B', 'B', 'R', 'G']]",Needy Player (Blue),NP-Blue (Need=2),False,strict,6,0,65,0,130,50,80,0.11538461538461542,130,True,True,0,0,0,0,0,0,0,1,2,5.0,1,4,0,0,2,3,0,3,2
FOUR_1-FOUR_1,135,ctx1_fog00_p4pfalse_contract_none,20251112_154505_499594_35fccd07,True,"[False, False]","[['G', 'B', 'R', 'R'], ['R', 'R', 'R', 'B'], ['B', 'B', 'R', 'B'], ['B', 'B', 'R', 'G']]",Needy Player (Blue),NP-Blue (Need=2),False,,6,0,65,0,130,65,65,0.0,130,True,True,4,1,0,0,0,4,4,0,0,0.0,0,0,0,0,2,3,0,3,2
FOUR_1-FOUR_1,135,ctx1_fog00_p4pfalse_contract_strict,20251112_154508_474831_e377d288,True,"[False, False]","[['G', 'B', 'R', 'R'], ['R', 'R', 'R', 'B'], ['B', 'B', 'R', 'B'], ['B', 'B', 'R', 'G']]",Needy Player (Blue),NP-Blue (Need=2),False,strict,6,0,65,0,130,70,60,0.03846153846153855,130,True,True,0,0,0,0,0,0,0,1,2,5.0,3,2,0,0,2,3,0,3,2
FOUR_1-FOUR_1,136,ctx1_fog00_p4pfalse_contract_none,20251112_154542_565001_4e8a79b0,True,"[False, False]","[['G', 'R', 'B', 'B'], ['B', 'R', 'B', 'B'], ['R', 'R', 'R', 'R'], ['R', 'B', 'B', 'G']]",Needy Player (Blue),NP-Blue (Need=2),False,,6,0,65,0,130,65,65,0.0,130,True,True,6,1,0,0,0,4,4,0,0,0.0,0,0,0,0,2,3,0,3,2
FOUR_1-FOUR_1,136,ctx1_fog00_p4pfalse_contract_strict,20251112_154546_848351_0b946a49,True,"[False, False]","[['G', 'R', 'B', 'B'], ['B', 'R', 'B', 'B'], ['R', 'R', 'R', 'R'], ['R', 'B', 'B', 'G']]",Needy Player (Blue),NP-Blue (Need=2),False,strict,6,0,65,0,130,70,60,0.03846153846153855,130,True,True,0,0,0,0,0,0,0,1,2,5.0,3,2,0,0,2,3,0,3,2
FOUR_1-FOUR_1,137,ctx1_fog00_p4pfalse_contract_none,20251112_154551_705463_222703e2,True,"[False, False]","[['G', 'R', 'B', 'B'], ['R', 'B', 'B', 'B'], ['R', 'R', 'R', 'R'], ['R', 'B', 'B', 'G']]",Needy Player (Blue),NP-Blue (Need=2),False,,6,0,65,0,130,65,65,0.0,130,True,True,4,2,0,0,0,6,6,0,0,0.0,0,0,0,0,2,3,0,3,2
FOUR_1-FOUR_1,137,ctx1_fog00_p4pfalse_contract_strict,20251112_154600_165434_a459553a,True,"[False, False]","[['G', 'R', 'B', 'B'], ['R', 'B', 'B', 'B'], ['R', 'R', 'R', 'R'], ['R', 'B', 'B', 'G']]",Needy Player (Blue),NP-Blue (Need=2),False,strict,6,0,65,0,130,70,60,0.03846153846153855,130,True,True,0,0,0,0,0,0,0,1,2,6.0,3,3,0,0,2,3,0,3,2
FOUR_1-FOUR_1,138,ctx1_fog00_p4pfalse_contract_none,20251112_154604_095667_5ffdcbcf,True,"[False, False]","[['G', 'R', 'B', 'B'], ['B', 'R', 'B', 'R'], ['B', 'R', 'B', 'R'], ['B', 'R', 'R', 'G']]",Needy Player (Blue),NP-Blue (Need=2),False,,6,0,65,0,130,65,65,0.0,130,True,True,4,2,0,0,0,6,6,0,0,0.0,0,0,0,0,2,3,0,3,2
FOUR_1-FOUR_1,138,ctx1_fog00_p4pfalse_contract_strict,20251112_154607_081215_47c8edb4,True,"[False, False]","[['G', 'R', 'B', 'B'], ['B', 'R', 'B', 'R'], ['B', 'R', 'B', 'R'], ['B', 'R', 'R', 'G']]",Needy Player (Blue),NP-Blue (Need=2),False,strict,6,0,65,0,130,60,70,0.03846153846153855,130,True,True,0,0,0,0,0,0,0,1,2,5.0,2,3,0,0,2,3,0,3,2
FOUR_1-FOUR_1,139,ctx1_fog00_p4pfalse_contract_none,20251112_154658_551414_76ac7df7,True,"[False, False]","[['G', 'R', 'B', 'B'], ['B', 'R', 'B', 'B'], ['R', 'R', 'R', 'R'], ['B', 'R', 'B', 'G']]",Needy Player (Blue),NP-Blue (Need=2),False,,6,0,65,0,130,65,65,0.0,130,True,True,2,1,0,0,0,4,4,0,0,0.0,0,0,0,0,2,3,0,3,2
FOUR_1-FOUR_1,139,ctx1_fog00_p4pfalse_contract_strict,20251112_154727_415017_70249c91,True,"[False, False]","[['G', 'R', 'B', 'B'], ['B', 'R', 'B', 'B'], ['R', 'R', 'R', 'R'], ['B', 'R', 'B', 'G']]",Needy Player (Blue),NP-Blue (Need=2),False,strict,6,0,65,0,130,50,80,0.11538461538461542,130,True,True,0,0,0,0,0,0,0,1,2,5.0,1,4,0,0,2,3,0,3,2
